txn_cost_bps,financing_rate,txn_drag_annualized,financing_drag_annualized,required_gross_sharpe,leg,pair
0,0.0,0.0,0.0,1.0,quarterly_basis,BTCUSDT
0,0.02,0.0,0.02,1.2408756512382881,quarterly_basis,BTCUSDT
0,0.04,0.0,0.04,1.4817513024765763,quarterly_basis,BTCUSDT
0,0.06,0.0,0.06,1.7226269537148644,quarterly_basis,BTCUSDT
0,0.08,0.0,0.08,1.9635026049531525,quarterly_basis,BTCUSDT
0,0.1,0.0,0.1,2.2043782561914407,quarterly_basis,BTCUSDT
0,0.12,0.0,0.12,2.445253907429729,quarterly_basis,BTCUSDT
0,0.15,0.0,0.15,2.8065673842871606,quarterly_basis,BTCUSDT
5,0.0,0.0020054945054945057,0.0,1.0241537397532898,quarterly_basis,BTCUSDT
5,0.02,0.0020054945054945057,0.02,1.265029390991578,quarterly_basis,BTCUSDT
5,0.04,0.0020054945054945057,0.04,1.505905042229866,quarterly_basis,BTCUSDT
5,0.06,0.0020054945054945057,0.06,1.7467806934681542,quarterly_basis,BTCUSDT
5,0.08,0.0020054945054945057,0.08,1.9876563447064424,quarterly_basis,BTCUSDT
5,0.1,0.0020054945054945057,0.1,2.2285319959447305,quarterly_basis,BTCUSDT
5,0.12,0.0020054945054945057,0.12,2.4694076471830186,quarterly_basis,BTCUSDT
5,0.15,0.0020054945054945057,0.15,2.8307211240404504,quarterly_basis,BTCUSDT
10,0.0,0.004010989010989011,0.0,1.0483074795065797,quarterly_basis,BTCUSDT
10,0.02,0.004010989010989011,0.02,1.2891831307448678,quarterly_basis,BTCUSDT
10,0.04,0.004010989010989011,0.04,1.530058781983156,quarterly_basis,BTCUSDT
10,0.06,0.004010989010989011,0.06,1.770934433221444,quarterly_basis,BTCUSDT
10,0.08,0.004010989010989011,0.08,2.011810084459732,quarterly_basis,BTCUSDT
10,0.1,0.004010989010989011,0.1,2.2526857356980203,quarterly_basis,BTCUSDT
10,0.12,0.004010989010989011,0.12,2.4935613869363085,quarterly_basis,BTCUSDT
10,0.15,0.004010989010989011,0.15,2.8548748637937402,quarterly_basis,BTCUSDT
20,0.0,0.008021978021978023,0.0,1.0966149590131595,quarterly_basis,BTCUSDT
20,0.02,0.008021978021978023,0.02,1.3374906102514477,quarterly_basis,BTCUSDT
20,0.04,0.008021978021978023,0.04,1.5783662614897358,quarterly_basis,BTCUSDT
20,0.06,0.008021978021978023,0.06,1.8192419127280237,quarterly_basis,BTCUSDT
20,0.08,0.008021978021978023,0.08,2.060117563966312,quarterly_basis,BTCUSDT
20,0.1,0.008021978021978023,0.1,2.3009932152046,quarterly_basis,BTCUSDT
20,0.12,0.008021978021978023,0.12,2.541868866442888,quarterly_basis,BTCUSDT
20,0.15,0.008021978021978023,0.15,2.90318234330032,quarterly_basis,BTCUSDT
30,0.0,0.012032967032967034,0.0,1.1449224385197394,quarterly_basis,BTCUSDT
30,0.02,0.012032967032967034,0.02,1.3857980897580273,quarterly_basis,BTCUSDT
30,0.04,0.012032967032967034,0.04,1.6266737409963155,quarterly_basis,BTCUSDT
30,0.06,0.012032967032967034,0.06,1.8675493922346036,quarterly_basis,BTCUSDT
30,0.08,0.012032967032967034,0.08,2.1084250434728915,quarterly_basis,BTCUSDT
30,0.1,0.012032967032967034,0.1,2.3493006947111796,quarterly_basis,BTCUSDT
30,0.12,0.012032967032967034,0.12,2.5901763459494678,quarterly_basis,BTCUSDT
30,0.15,0.012032967032967034,0.15,2.9514898228069,quarterly_basis,BTCUSDT
50,0.0,0.020054945054945057,0.0,1.2415373975328987,quarterly_basis,BTCUSDT
50,0.02,0.020054945054945057,0.02,1.4824130487711868,quarterly_basis,BTCUSDT
50,0.04,0.020054945054945057,0.04,1.723288700009475,quarterly_basis,BTCUSDT
50,0.06,0.020054945054945057,0.06,1.9641643512477631,quarterly_basis,BTCUSDT
50,0.08,0.020054945054945057,0.08,2.2050400024860513,quarterly_basis,BTCUSDT
50,0.1,0.020054945054945057,0.1,2.4459156537243394,quarterly_basis,BTCUSDT
50,0.12,0.020054945054945057,0.12,2.6867913049626275,quarterly_basis,BTCUSDT
50,0.15,0.020054945054945057,0.15,3.0481047818200597,quarterly_basis,BTCUSDT
75,0.0,0.03008241758241758,0.0,1.362306096299348,quarterly_basis,BTCUSDT
75,0.02,0.03008241758241758,0.02,1.6031817475376362,quarterly_basis,BTCUSDT
75,0.04,0.03008241758241758,0.04,1.8440573987759243,quarterly_basis,BTCUSDT
75,0.06,0.03008241758241758,0.06,2.0849330500142127,quarterly_basis,BTCUSDT
75,0.08,0.03008241758241758,0.08,2.325808701252501,quarterly_basis,BTCUSDT
75,0.1,0.03008241758241758,0.1,2.566684352490789,quarterly_basis,BTCUSDT
75,0.12,0.03008241758241758,0.12,2.807560003729077,quarterly_basis,BTCUSDT
75,0.15,0.03008241758241758,0.15,3.168873480586509,quarterly_basis,BTCUSDT
100,0.0,0.04010989010989011,0.0,1.4830747950657976,quarterly_basis,BTCUSDT
100,0.02,0.04010989010989011,0.02,1.7239504463040856,quarterly_basis,BTCUSDT
100,0.04,0.04010989010989011,0.04,1.9648260975423737,quarterly_basis,BTCUSDT
100,0.06,0.04010989010989011,0.06,2.205701748780662,quarterly_basis,BTCUSDT
100,0.08,0.04010989010989011,0.08,2.44657740001895,quarterly_basis,BTCUSDT
100,0.1,0.04010989010989011,0.1,2.687453051257238,quarterly_basis,BTCUSDT
100,0.12,0.04010989010989011,0.12,2.9283287024955262,quarterly_basis,BTCUSDT
100,0.15,0.04010989010989011,0.15,3.2896421793529584,quarterly_basis,BTCUSDT
0,0.0,0.0,0.0,1.0,perp_funding,BTCUSDT
0,0.02,0.0,0.02,1.2904203051089078,perp_funding,BTCUSDT
0,0.04,0.0,0.04,1.5808406102178156,perp_funding,BTCUSDT
0,0.06,0.0,0.06,1.8712609153267235,perp_funding,BTCUSDT
0,0.08,0.0,0.08,2.1616812204356313,perp_funding,BTCUSDT
0,0.1,0.0,0.1,2.4521015255445393,perp_funding,BTCUSDT
0,0.12,0.0,0.12,2.742521830653447,perp_funding,BTCUSDT
0,0.15,0.0,0.15,3.1781522883168085,perp_funding,BTCUSDT
5,0.0,0.0005,0.0,1.0072605076277228,perp_funding,BTCUSDT
5,0.02,0.0005,0.02,1.2976808127366306,perp_funding,BTCUSDT
5,0.04,0.0005,0.04,1.5881011178455384,perp_funding,BTCUSDT
5,0.06,0.0005,0.06,1.8785214229544462,perp_funding,BTCUSDT
5,0.08,0.0005,0.08,2.168941728063354,perp_funding,BTCUSDT
5,0.1,0.0005,0.1,2.459362033172262,perp_funding,BTCUSDT
5,0.12,0.0005,0.12,2.74978233828117,perp_funding,BTCUSDT
5,0.15,0.0005,0.15,3.1854127959445315,perp_funding,BTCUSDT
10,0.0,0.001,0.0,1.0145210152554454,perp_funding,BTCUSDT
10,0.02,0.001,0.02,1.3049413203643532,perp_funding,BTCUSDT
10,0.04,0.001,0.04,1.5953616254732612,perp_funding,BTCUSDT
10,0.06,0.001,0.06,1.8857819305821688,perp_funding,BTCUSDT
10,0.08,0.001,0.08,2.176202235691077,perp_funding,BTCUSDT
10,0.1,0.001,0.1,2.4666225407999844,perp_funding,BTCUSDT
10,0.12,0.001,0.12,2.7570428459088925,perp_funding,BTCUSDT
10,0.15,0.001,0.15,3.192673303572254,perp_funding,BTCUSDT
20,0.0,0.002,0.0,1.0290420305108907,perp_funding,BTCUSDT
20,0.02,0.002,0.02,1.3194623356197985,perp_funding,BTCUSDT
20,0.04,0.002,0.04,1.6098826407287063,perp_funding,BTCUSDT
20,0.06,0.002,0.06,1.9003029458376144,perp_funding,BTCUSDT
20,0.08,0.002,0.08,2.1907232509465224,perp_funding,BTCUSDT
20,0.1,0.002,0.1,2.48114355605543,perp_funding,BTCUSDT
20,0.12,0.002,0.12,2.7715638611643376,perp_funding,BTCUSDT
20,0.15,0.002,0.15,3.2071943188276992,perp_funding,BTCUSDT
30,0.0,0.003,0.0,1.043563045766336,perp_funding,BTCUSDT
30,0.02,0.003,0.02,1.333983350875244,perp_funding,BTCUSDT
30,0.04,0.003,0.04,1.624403655984152,perp_funding,BTCUSDT
30,0.06,0.003,0.06,1.9148239610930595,perp_funding,BTCUSDT
30,0.08,0.003,0.08,2.2052442662019676,perp_funding,BTCUSDT
30,0.1,0.003,0.1,2.4956645713108756,perp_funding,BTCUSDT
30,0.12,0.003,0.12,2.786084876419783,perp_funding,BTCUSDT
30,0.15,0.003,0.15,3.221715334083145,perp_funding,BTCUSDT
50,0.0,0.005,0.0,1.072605076277227,perp_funding,BTCUSDT
50,0.02,0.005,0.02,1.3630253813861348,perp_funding,BTCUSDT
50,0.04,0.005,0.04,1.6534456864950426,perp_funding,BTCUSDT
50,0.06,0.005,0.06,1.9438659916039505,perp_funding,BTCUSDT
50,0.08,0.005,0.08,2.2342862967128583,perp_funding,BTCUSDT
50,0.1,0.005,0.1,2.5247066018217663,perp_funding,BTCUSDT
50,0.12,0.005,0.12,2.815126906930674,perp_funding,BTCUSDT
50,0.15,0.005,0.15,3.2507573645940355,perp_funding,BTCUSDT
75,0.0,0.0075,0.0,1.1089076144158405,perp_funding,BTCUSDT
75,0.02,0.0075,0.02,1.3993279195247483,perp_funding,BTCUSDT
75,0.04,0.0075,0.04,1.6897482246336561,perp_funding,BTCUSDT
75,0.06,0.0075,0.06,1.980168529742564,perp_funding,BTCUSDT
75,0.08,0.0075,0.08,2.2705888348514716,perp_funding,BTCUSDT
75,0.1,0.0075,0.1,2.5610091399603796,perp_funding,BTCUSDT
75,0.12,0.0075,0.12,2.8514294450692876,perp_funding,BTCUSDT
75,0.15,0.0075,0.15,3.2870599027326493,perp_funding,BTCUSDT
100,0.0,0.01,0.0,1.145210152554454,perp_funding,BTCUSDT
100,0.02,0.01,0.02,1.4356304576633616,perp_funding,BTCUSDT
100,0.04,0.01,0.04,1.7260507627722697,perp_funding,BTCUSDT
100,0.06,0.01,0.06,2.0164710678811772,perp_funding,BTCUSDT
100,0.08,0.01,0.08,2.3068913729900853,perp_funding,BTCUSDT
100,0.1,0.01,0.1,2.5973116780989933,perp_funding,BTCUSDT
100,0.12,0.01,0.12,2.887731983207901,perp_funding,BTCUSDT
100,0.15,0.01,0.15,3.3233624408712625,perp_funding,BTCUSDT
0,0.0,0.0,0.0,1.0,quarterly_basis,ETHUSDT
0,0.02,0.0,0.02,1.2109684961327485,quarterly_basis,ETHUSDT
0,0.04,0.0,0.04,1.4219369922654967,quarterly_basis,ETHUSDT
0,0.06,0.0,0.06,1.632905488398245,quarterly_basis,ETHUSDT
0,0.08,0.0,0.08,1.8438739845309935,quarterly_basis,ETHUSDT
0,0.1,0.0,0.1,2.054842480663742,quarterly_basis,ETHUSDT
0,0.12,0.0,0.12,2.26581097679649,quarterly_basis,ETHUSDT
0,0.15,0.0,0.15,2.5822637209956127,quarterly_basis,ETHUSDT
5,0.0,0.0020054945054945057,0.0,1.0211548079913333,quarterly_basis,ETHUSDT
5,0.02,0.0020054945054945057,0.02,1.2321233041240818,quarterly_basis,ETHUSDT
5,0.04,0.0020054945054945057,0.04,1.44309180025683,quarterly_basis,ETHUSDT
5,0.06,0.0020054945054945057,0.06,1.6540602963895785,quarterly_basis,ETHUSDT
5,0.08,0.0020054945054945057,0.08,1.865028792522327,quarterly_basis,ETHUSDT
5,0.1,0.0020054945054945057,0.1,2.075997288655075,quarterly_basis,ETHUSDT
5,0.12,0.0020054945054945057,0.12,2.2869657847878235,quarterly_basis,ETHUSDT
5,0.15,0.0020054945054945057,0.15,2.6034185289869463,quarterly_basis,ETHUSDT
10,0.0,0.004010989010989011,0.0,1.0423096159826666,quarterly_basis,ETHUSDT
10,0.02,0.004010989010989011,0.02,1.253278112115415,quarterly_basis,ETHUSDT
10,0.04,0.004010989010989011,0.04,1.4642466082481636,quarterly_basis,ETHUSDT
10,0.06,0.004010989010989011,0.06,1.6752151043809116,quarterly_basis,ETHUSDT
10,0.08,0.004010989010989011,0.08,1.88618360051366,quarterly_basis,ETHUSDT
10,0.1,0.004010989010989011,0.1,2.0971520966464086,quarterly_basis,ETHUSDT
10,0.12,0.004010989010989011,0.12,2.308120592779157,quarterly_basis,ETHUSDT
10,0.15,0.004010989010989011,0.15,2.6245733369782798,quarterly_basis,ETHUSDT
20,0.0,0.008021978021978023,0.0,1.0846192319653332,quarterly_basis,ETHUSDT
20,0.02,0.008021978021978023,0.02,1.2955877280980816,quarterly_basis,ETHUSDT
20,0.04,0.008021978021978023,0.04,1.50655622423083,quarterly_basis,ETHUSDT
20,0.06,0.008021978021978023,0.06,1.7175247203635782,quarterly_basis,ETHUSDT
20,0.08,0.008021978021978023,0.08,1.9284932164963269,quarterly_basis,ETHUSDT
20,0.1,0.008021978021978023,0.1,2.139461712629075,quarterly_basis,ETHUSDT
20,0.12,0.008021978021978023,0.12,2.350430208761823,quarterly_basis,ETHUSDT
20,0.15,0.008021978021978023,0.15,2.666882952960946,quarterly_basis,ETHUSDT
30,0.0,0.012032967032967034,0.0,1.1269288479479997,quarterly_basis,ETHUSDT
30,0.02,0.012032967032967034,0.02,1.3378973440807482,quarterly_basis,ETHUSDT
30,0.04,0.012032967032967034,0.04,1.5488658402134965,quarterly_basis,ETHUSDT
30,0.06,0.012032967032967034,0.06,1.759834336346245,quarterly_basis,ETHUSDT
30,0.08,0.012032967032967034,0.08,1.9708028324789932,quarterly_basis,ETHUSDT
30,0.1,0.012032967032967034,0.1,2.1817713286117417,quarterly_basis,ETHUSDT
30,0.12,0.012032967032967034,0.12,2.39273982474449,quarterly_basis,ETHUSDT
30,0.15,0.012032967032967034,0.15,2.7091925689436125,quarterly_basis,ETHUSDT
50,0.0,0.020054945054945057,0.0,1.211548079913333,quarterly_basis,ETHUSDT
50,0.02,0.020054945054945057,0.02,1.4225165760460814,quarterly_basis,ETHUSDT
50,0.04,0.020054945054945057,0.04,1.6334850721788299,quarterly_basis,ETHUSDT
50,0.06,0.020054945054945057,0.06,1.844453568311578,quarterly_basis,ETHUSDT
50,0.08,0.020054945054945057,0.08,2.0554220644443264,quarterly_basis,ETHUSDT
50,0.1,0.020054945054945057,0.1,2.266390560577075,quarterly_basis,ETHUSDT
50,0.12,0.020054945054945057,0.12,2.4773590567098234,quarterly_basis,ETHUSDT
50,0.15,0.020054945054945057,0.15,2.793811800908946,quarterly_basis,ETHUSDT
75,0.0,0.03008241758241758,0.0,1.3173221198699991,quarterly_basis,ETHUSDT
75,0.02,0.03008241758241758,0.02,1.5282906160027476,quarterly_basis,ETHUSDT
75,0.04,0.03008241758241758,0.04,1.739259112135496,quarterly_basis,ETHUSDT
75,0.06,0.03008241758241758,0.06,1.9502276082682446,quarterly_basis,ETHUSDT
75,0.08,0.03008241758241758,0.08,2.161196104400993,quarterly_basis,ETHUSDT
75,0.1,0.03008241758241758,0.1,2.3721646005337416,quarterly_basis,ETHUSDT
75,0.12,0.03008241758241758,0.12,2.5831330966664896,quarterly_basis,ETHUSDT
75,0.15,0.03008241758241758,0.15,2.8995858408656123,quarterly_basis,ETHUSDT
100,0.0,0.04010989010989011,0.0,1.4230961598266658,quarterly_basis,ETHUSDT
100,0.02,0.04010989010989011,0.02,1.6340646559594143,quarterly_basis,ETHUSDT
100,0.04,0.04010989010989011,0.04,1.8450331520921626,quarterly_basis,ETHUSDT
100,0.06,0.04010989010989011,0.06,2.056001648224911,quarterly_basis,ETHUSDT
100,0.08,0.04010989010989011,0.08,2.2669701443576598,quarterly_basis,ETHUSDT
100,0.1,0.04010989010989011,0.1,2.477938640490408,quarterly_basis,ETHUSDT
100,0.12,0.04010989010989011,0.12,2.688907136623156,quarterly_basis,ETHUSDT
100,0.15,0.04010989010989011,0.15,3.0053598808222786,quarterly_basis,ETHUSDT
0,0.0,0.0,0.0,1.0,perp_funding,ETHUSDT
0,0.02,0.0,0.02,1.2081238161420347,perp_funding,ETHUSDT
0,0.04,0.0,0.04,1.4162476322840696,perp_funding,ETHUSDT
0,0.06,0.0,0.06,1.6243714484261043,perp_funding,ETHUSDT
0,0.08,0.0,0.08,1.8324952645681392,perp_funding,ETHUSDT
0,0.1,0.0,0.1,2.040619080710174,perp_funding,ETHUSDT
0,0.12,0.0,0.12,2.2487428968522085,perp_funding,ETHUSDT
0,0.15,0.0,0.15,2.5609286210652606,perp_funding,ETHUSDT
5,0.0,0.0005,0.0,1.005203095403551,perp_funding,ETHUSDT
5,0.02,0.0005,0.02,1.2133269115455856,perp_funding,ETHUSDT
5,0.04,0.0005,0.04,1.4214507276876205,perp_funding,ETHUSDT
5,0.06,0.0005,0.06,1.6295745438296552,perp_funding,ETHUSDT
5,0.08,0.0005,0.08,1.8376983599716898,perp_funding,ETHUSDT
5,0.1,0.0005,0.1,2.0458221761137247,perp_funding,ETHUSDT
5,0.12,0.0005,0.12,2.253945992255759,perp_funding,ETHUSDT
5,0.15,0.0005,0.15,2.5661317164688118,perp_funding,ETHUSDT
10,0.0,0.001,0.0,1.0104061908071018,perp_funding,ETHUSDT
10,0.02,0.001,0.02,1.2185300069491365,perp_funding,ETHUSDT
10,0.04,0.001,0.04,1.4266538230911712,perp_funding,ETHUSDT
10,0.06,0.001,0.06,1.634777639233206,perp_funding,ETHUSDT
10,0.08,0.001,0.08,1.8429014553752407,perp_funding,ETHUSDT
10,0.1,0.001,0.1,2.0510252715172754,perp_funding,ETHUSDT
10,0.12,0.001,0.12,2.2591490876593103,perp_funding,ETHUSDT
10,0.15,0.001,0.15,2.5713348118723625,perp_funding,ETHUSDT
20,0.0,0.002,0.0,1.0208123816142034,perp_funding,ETHUSDT
20,0.02,0.002,0.02,1.2289361977562383,perp_funding,ETHUSDT
20,0.04,0.002,0.04,1.437060013898273,perp_funding,ETHUSDT
20,0.06,0.002,0.06,1.6451838300403079,perp_funding,ETHUSDT
20,0.08,0.002,0.08,1.8533076461823426,perp_funding,ETHUSDT
20,0.1,0.002,0.1,2.0614314623243772,perp_funding,ETHUSDT
20,0.12,0.002,0.12,2.269555278466412,perp_funding,ETHUSDT
20,0.15,0.002,0.15,2.581741002679464,perp_funding,ETHUSDT
30,0.0,0.003,0.0,1.0312185724213052,perp_funding,ETHUSDT
30,0.02,0.003,0.02,1.23934238856334,perp_funding,ETHUSDT
30,0.04,0.003,0.04,1.4474662047053748,perp_funding,ETHUSDT
30,0.06,0.003,0.06,1.6555900208474095,perp_funding,ETHUSDT
30,0.08,0.003,0.08,1.8637138369894442,perp_funding,ETHUSDT
30,0.1,0.003,0.1,2.071837653131479,perp_funding,ETHUSDT
30,0.12,0.003,0.12,2.2799614692735135,perp_funding,ETHUSDT
30,0.15,0.003,0.15,2.592147193486566,perp_funding,ETHUSDT
50,0.0,0.005,0.0,1.0520309540355086,perp_funding,ETHUSDT
50,0.02,0.005,0.02,1.2601547701775435,perp_funding,ETHUSDT
50,0.04,0.005,0.04,1.4682785863195782,perp_funding,ETHUSDT
50,0.06,0.005,0.06,1.6764024024616129,perp_funding,ETHUSDT
50,0.08,0.005,0.08,1.8845262186036478,perp_funding,ETHUSDT
50,0.1,0.005,0.1,2.0926500347456827,perp_funding,ETHUSDT
50,0.12,0.005,0.12,2.300773850887717,perp_funding,ETHUSDT
50,0.15,0.005,0.15,2.6129595751007693,perp_funding,ETHUSDT
75,0.0,0.0075,0.0,1.078046431053263,perp_funding,ETHUSDT
75,0.02,0.0075,0.02,1.2861702471952978,perp_funding,ETHUSDT
75,0.04,0.0075,0.04,1.4942940633373325,perp_funding,ETHUSDT
75,0.06,0.0075,0.06,1.7024178794793672,perp_funding,ETHUSDT
75,0.08,0.0075,0.08,1.910541695621402,perp_funding,ETHUSDT
75,0.1,0.0075,0.1,2.118665511763437,perp_funding,ETHUSDT
75,0.12,0.0075,0.12,2.3267893279054714,perp_funding,ETHUSDT
75,0.15,0.0075,0.15,2.638975052118524,perp_funding,ETHUSDT
100,0.0,0.01,0.0,1.1040619080710175,perp_funding,ETHUSDT
100,0.02,0.01,0.02,1.3121857242130521,perp_funding,ETHUSDT
100,0.04,0.01,0.04,1.520309540355087,perp_funding,ETHUSDT
100,0.06,0.01,0.06,1.7284333564971215,perp_funding,ETHUSDT
100,0.08,0.01,0.08,1.9365571726391564,perp_funding,ETHUSDT
100,0.1,0.01,0.1,2.1446809887811913,perp_funding,ETHUSDT
100,0.12,0.01,0.12,2.3528048049232257,perp_funding,ETHUSDT
100,0.15,0.01,0.15,2.6649905291362783,perp_funding,ETHUSDT
