lag,vol_annualized,sharpe,pair
0,0.011013466772323394,10.584482996897565,BTCUSDT
8,0.028351606354868813,4.111648924913012,BTCUSDT
30,0.04472841205269893,2.6062148517861203,BTCUSDT
60,0.056539382996026594,2.06178146296265,BTCUSDT
90,0.0637357328465148,1.8289873918807171,BTCUSDT
120,0.0688657082448143,1.6927416381771012,BTCUSDT
180,0.07438046458655469,1.5672374787724204,BTCUSDT
0,0.014316203013327887,9.766935130656483,ETHUSDT
8,0.03637090590445627,3.8444306698269655,ETHUSDT
30,0.059296661431306665,2.3580657455810687,ETHUSDT
60,0.07615427128588267,1.8360812044747765,ETHUSDT
90,0.08754256790436472,1.5972278343632056,ETHUSDT
120,0.09609664271363806,1.455050064185419,ETHUSDT
180,0.10728612267977494,1.3032946168241155,ETHUSDT
